[
 {
 	"quote": "Makan Teri Pake Saos",
 	"by": "IRI BILANG BOSS"
 },
 {
 	"quote": "Satu tambah satu sama dengan dua",
 	"by": "Aku sama kamu cinta sampai tua"
 },
 {
 	"quote": "Burung perkutut, burung kutilang",
 	"by": "Pacarmu kentut, gak bilang-bilanga"
 },
 {
 	"quote": "Ikan hiu makan dinamit",
 	"by": "Yuk kita merit"
 },
 {
 	"quote": "Dapet kado isinya tomat",
 	"by": "Bodo amat!"
 },
 {
 	"quote": "Buka Facebook, pake kata sandi",
 	"by": "Elo budug emang jarang mandi"
 },
 {
 	"quote": "Ke pasar, nyari obat gatal",
 	"by": "Dasar, Gak modal!"
 },
 {
 	"quote": "Ikan hiu lagi berantem",
 	"by": "Hmmmm"
 },
 {
 	"quote": "Ikan hiu berenang-renang",
 	"by": "Ah sa ae ku tutup rantang"
 },
 {
 	"quote": "Bola pingpong dimakan gelatik",
 	"by": "Biar ompong yang penting cantik"
 },
 {
 	"quote": "Ikan hiu makan badak",
 	"by": "I luv you mendadak"
 },
 {
 	"quote": "Buah nangka buah manggis",
 	"by": "Nggak nyangka gue manis"
 },
 {
 	"quote": "Buah apel di air payau",
 	"by": "Nggak level la yau"
 },
 {
 	"quote": "Di sini bingung, di sana linglung",
 	"by": "ini pantun, pantun gak nyambung"
 },
 {
 	"quote": "Baju batik di atas pohon",
 	"by": "Hai kamu yang cantik godain aku dong"
 },
 {
 	"quote": "Jaka sembung bawak golok",
 	"by": "Gak nyambung oblok"
 },
 {
 	"quote": "Jalan kaki ke pasar rebo",
 	"by": "jauh broo"
 },
 {
 	"quote": "Baju merah punya mang oding",
 	"by": "Jangan marah.. hanya just kidding"
 },
 {
 	"quote": "Minum jamu makan nangka",
 	"by": "Lihat kamu langsung ku suka"
 },
 {
 	"quote": "Kotak amal di goyang-goyang",
 	"by": "Aku diramal jodohnya sama abang"
 },
 {
 	"quote": "Mata belo, ala komedian",
 	"by": "Gue sama elo maunya jadian"
 },
 {
 	"quote": "Rumah perdu berjendela kaca",
 	"by": "Salam rindu buat yang baca"
 },
 {
 	"quote": "dulu delman, sekarang gokar",
 	"by": "dulu teman, sekarang pacar"
 },
 {
 	"quote": "Stroberi mangga apel",
 	"by": "Sorry gak level"
 },
 {
 	"quote": "Kakak monyong adiknya memble",
 	"by": "Dah turunan jelek kali ye"
 },
 {
 	"quote": "Ayam kurus bulunya kasar",
 	"by": "Kasian yang beli, rugi bandar"
 },
 {
 	"quote": "buah duren di pohon aren",
 	"by": "Rese amat tuh duren"
 },
 {
 	"quote": "Ikan hiu makan awkarin",
 	"by": "Yaudah biarin"
 },
 {
 	"quote": "Ikan hiu lagi berenang",
 	"by": "Ya udah sih berenang aja gausah diganggu bang"
 },
 {
 	"quote": "Men sana in corpore sano",
 	"by": "Gue nanya begini, Elo jawab begono"
 },
 {
 	"quote": "Buah kedong-dong buah tomat",
 	"by": "Eh lu odong amat"
 }
]